Workbook

Sheet Preguntas
A1: Cuestionario para identificar tu ancla de carrera
A3: Respuesta (1=Nunca, 6=Siempre) | B3: Elige sólo 3 preguntas con máxima veracidad (4 puntos) | C3: Nº pre-gunta | D3: Pregunta
A4: 4 | C4: 1 | D4: Me gustaría ser tan bueno en lo que hago que la gente me pida continuamente consejos y sugerencias
A5: 4 | C5: 2 | D5: Me encuentro más satisfecho con mi trabajo cuando puedo integrar y gestionar los esfuerzos de los demás
A6: 6 | B6: 4 | C6: 3 | D6: Me gustaría tener una carrera que me permita autonomía y decidir los plazos
A7: 5 | C7: 4 | D7: La seguridad y la estabilidad son más importantes para mí que la libertad y autonomía
A8: 5 | C8: 5 | D8: Siempre estoy buscando ideas que me permitan tener mi propio negocio
A9: 4 | C9: 6 | D9: Considero que alcanzo el éxito en mi carrera sólo si tengo la sensación de haber contribuido al bienestar común
A10: 3 | C10: 7 | D10: Me gustaría una carrera en la que pueda resolver problemas o salir ganando en situaciones muy desafiantes
A11: 3 | C11: 8 | D11: Preferiría dejar mi empresa antes que ocupar un puesto que comprometiera mi atención a mi familia y vida personal
A12: 2 | C12: 9 | D12: Para mí el éxito consiste en desarrollar mis capacidades técnicas o funcionales hasta convertirme en un experto
A13: 1 | C13: 10 | D13: Me gustaría estar a cargo de una organización compleja y tomar decisiones que afecten a muchas personas
A14: 5 | C14: 11 | D14: Estoy más satisfecho cuando tengo plena libertad para definitr mis propias actividades, plazos y procedimientos
A15: 3 | C15: 12 | D15: Preferiría dejar mi empresa antes que aceptar un proyecto que afectara mi seguridad dentro de la organización
A16: 6 | C16: 13 | D16: Crear mi propio negocio es más importante que alcanzar un puesto directivo de alto nivel en otra organización
A17: 4 | C17: 14 | D17: Me encuentro más satisfecho con mi carrera cuando puedo poner mi talento al servicio de los demás
A18: 2 | C18: 15 | D18: Alcanzo el éxito en mi carrera sólo si me enfrento y supero grandes desafíos y retos
A19: 6 | B19: 4 | C19: 16 | D19: Me gustaría una carrera que me permita integrar mis necesidades personales, familiares y profesionales
A20: 2 | C20: 17 | D20: Me atrae más llegar a ser un directivo senior dentro de mi área funcional antes que llegar a ser Director General
C21: 18 | D21: Alcanzo el éxito en mi carrera sólo si llego a ser director general de alguna empresa
A22: 6 | B22: 4 | C22: 19 | D22: Alcanzo el éxito en mi carrera sólo si logro autonomía y libertad plena
A23: 3 | C23: 20 | D23: Busco trabajo dentro de organizaciones que me proporcionen seguridad y estabilidad
A24: 5 | C24: 21 | D24: Me encuentro más satisfecho con mi carrera cuando he creado algo que es el resultado de mis propias ideas y esfuerzos
A25: 2 | C25: 22 | D25: Es más importante para mí utilizar mis capacidades para crear un mundo donde se viva y trabaje mejor que tener un puesto directivo de alto nivel
A26: 3 | C26: 23 | D26: Me he encontrado más satisfecho en mi carrera cuando he resuelto problemas aparentemente sin solución o he vencido cuando parecía imposible hacerlo
A27: 3 | C27: 24 | D27: Me encuentro satisfecho con mi vida sólo cuando consigo alcanzar un equilibrio entre las exigencias de mi vida personal, familiar y profesional
A28: 2 | C28: 25 | D28: Preferiría dejar mi empresa antes que aceptar un proyecto que me obligara a dejar mi área de especialización
A29: 6 | C29: 26 | D29: Me atrae más llegar a ser director general que un directivo senior dentro de mi área de especialización
A30: 6 | C30: 27 | D30: La oportunidad de realizar un trabajo según mis propios criterios, sin normas y limitaciones es más importante para mí que la seguridad
A31: 6 | C31: 28 | D31: Me encuentro más satisfecho con mi trabajo cuando considero que he alcanzado seguridad financiera y profesional
A32: 5 | C32: 29 | D32: Considero que alcanzo el éxito en mi carrera sólo si consigo crear o construir algo que es completamente mi propio producto o idea
A33: 5 | C33: 30 | D33: Me gustaría tener una carrera que suponga una gran contribución a la humanidad y a la sociedad
A34: 3 | C34: 31 | D34: Busco oportunidades de trabajo que pongan a prueba mi capacidad para resolver problemas o para competir
... A39: 5 | C39: 36 | D39: Me gustaría tener una carrera que me permita sentir un cierto nivel de seguridad y estabilidad
A40: 6 | B40: 4 | C40: 37 | D40: Me gustaría crear y construir mi propio negocio
A41: 4 | C41: 38 | D41: Preferiría dejar mi empresa antes que aceptar un proyecto que imitara mi capacidad de ayudar a los demás
A42: 3 | C42: 39 | D42: Trabajar con problemas que aparentemente no tienen solución es más importante que alcanzar un puesto directivo de alto nivel
A43: 2 | C43: 40 | D43: He buscado siempre oportunidades profesionales que no interfieran demasiado con mis preocupaciones personales y familiares

Sheet Resultado
A1: Resultado
A3: Ancla | B3: Puntuación total | C3: Media | D3: Ranking
A4: Técnico/Funcional | B4: =+Preguntas!A4+Preguntas!A12+Preguntas!A20+Preguntas!A28+Preguntas!A36++Preguntas!B4+Preguntas!B12+Preguntas!B20+Preguntas!B28+Preguntas!B36 -> 16 | C4: =+B4/5 -> 3.2 | D4: =RANK(C4,$C$4:$C$11) -> 6
A5: Dirección General | B5: =+Preguntas!A5+Preguntas!A13+Preguntas!A21+Preguntas!A29+Preguntas!A37++Preguntas!B5+Preguntas!B13+Preguntas!B21+Preguntas!B29+Preguntas!B37 -> 13 | C5: =+B5/5 -> 2.6 | D5: =RANK(C5,$C$4:$C$11) -> 8
A6: Autonomía/Independencia | B6: =+Preguntas!A6+Preguntas!A14+Preguntas!A22+Preguntas!A30+Preguntas!A38++Preguntas!B6+Preguntas!B14+Preguntas!B22+Preguntas!B30+Preguntas!B38 -> 37 | C6: =+B6/5 -> 7.4 | D6: =RANK(C6,$C$4:$C$11) -> 1
A7: Seguridad/Estabilidad | B7: =+Preguntas!A7+Preguntas!A15+Preguntas!A23+Preguntas!A31+Preguntas!A39++Preguntas!B7+Preguntas!B15+Preguntas!B23+Preguntas!B31+Preguntas!B39 -> 22 | C7: =+B7/5 -> 4.4 | D7: =RANK(C7,$C$4:$C$11) -> 3
A8: Creatividad emprendedora | B8: =+Preguntas!A8+Preguntas!A16+Preguntas!A24+Preguntas!A32+Preguntas!A40++Preguntas!B8+Preguntas!B16+Preguntas!B24+Preguntas!B32+Preguntas!B40 -> 31 | C8: =+B8/5 -> 6.2 | D8: =RANK(C8,$C$4:$C$11) -> 2
A9: Servicio/Dedicación | B9: =+Preguntas!A9+Preguntas!A17+Preguntas!A25+Preguntas!A33+Preguntas!A41++Preguntas!B9+Preguntas!B17+Preguntas!B25+Preguntas!B33+Preguntas!B41 -> 19 | C9: =+B9/5 -> 3.8 | D9: =RANK(C9,$C$4:$C$11) -> 5
A10: Puro reto | B10: =+Preguntas!A10+Preguntas!A18+Preguntas!A26+Preguntas!A34+Preguntas!A42++Preguntas!B10+Preguntas!B18+Preguntas!B26+Preguntas!B34+Preguntas!B42 -> 14 | C10: =+B10/5 -> 2.8 | D10: =RANK(C10,$C$4:$C$11) -> 7
A11: Estilo de vida | B11: =+Preguntas!A11+Preguntas!A19+Preguntas!A27+Preguntas!A35+Preguntas!A43++Preguntas!B11+Preguntas!B19+Preguntas!B27+Preguntas!B35+Preguntas!B43 -> 22 | C11: =+B11/5 -> 4.4 | D11: =RANK(C11,$C$4:$C$11) -> 3
